sequence,config,chamfer_m,accuracy_m,completeness,completeness_observed,wall_position_error_m,room_dimension_error_m,unseen_error_m,heldout_depth_error_m,heldout_view_completeness,observed_share,generated_share,confidence_error_spearman,psnr,ssim,lpips,extra_clips,success
rgbd_dataset_freiburg1_room,A,0.65936,0.32249,0.00058,0.0,0.32295,,,0.43821,0.0,0.7398,0.0,-0.0158,,,,[],True
rgbd_dataset_freiburg1_room,B,0.6621,0.44625,0.10637,0.00763,0.98607,1.97214,0.64305,0.95294,0.16013,0.1004,0.3783,0.0086,,,,[],True
rgbd_dataset_freiburg1_room,C,0.62498,0.40875,0.27836,0.14059,0.94243,1.88486,0.61901,0.90601,0.16355,0.1028,0.3251,-0.23815,,,,"[5, 8]",True
rgbd_dataset_freiburg1_room,D0,0.60221,0.33299,0.24529,0.11712,0.92248,1.84496,0.59185,0.93202,0.16181,0.1117,0.3348,-0.23537,,,,"[5, 6]",True
rgbd_dataset_freiburg1_room,D1,0.63604,0.41841,0.11371,0.0381,0.93431,1.86863,0.65175,0.77861,0.17119,0.1266,0.359,-0.151,,,,"[3, 4]",True
rgbd_dataset_freiburg1_room,D2,0.59642,0.32156,0.21066,0.1388,0.90963,1.81926,0.57728,0.93185,0.15737,0.1038,0.3533,-0.23112,,,,"[2, 6]",True
rgbd_dataset_freiburg1_room,D,0.61156,0.35765,0.18989,0.09801,0.92214,1.84428,0.60696,0.88083,0.16345,0.11403,0.34903,-0.20583,,,,null,True
rgbd_dataset_freiburg3_long_office_household,A,0.25005,0.05854,0.7239,0.69466,,,,0.02548,0.68048,0.8329,0.0,-0.45077,,,,[],True
rgbd_dataset_freiburg3_long_office_household,B,0.24391,0.16438,0.98503,0.69466,,,0.13018,0.02469,0.99888,0.2076,0.0168,-0.24264,,,,[],True
rgbd_dataset_freiburg3_long_office_household,C,0.23827,0.1585,0.98459,0.69449,,,,0.02461,0.99886,0.1996,0.0,-0.30951,,,,"[14, 0]",True
rgbd_dataset_freiburg3_long_office_household,D0,0.23757,0.15377,0.98556,0.74124,,,,0.03022,0.9993,0.2248,0.0,-0.30216,,,,"[10, 13]",True
rgbd_dataset_freiburg3_long_office_household,D1,0.2455,0.16599,0.98292,0.72671,,,0.11948,0.04004,0.99936,0.2159,0.0168,-0.25498,,,,"[7, 8]",True
rgbd_dataset_freiburg3_long_office_household,D2,0.24161,0.15995,0.98574,0.69704,,,0.12926,0.02092,0.99841,0.1996,0.0168,-0.25631,,,,"[4, 13]",True
rgbd_dataset_freiburg3_long_office_household,D,0.24156,0.1599,0.98474,0.72166,,,,0.03039,0.99902,0.21343,0.0112,-0.27115,,,,null,True
